{"batch loss": 0.0066396878100931644, "_timestamp": 1716214745.9415479, "_runtime": 18.724329948425293, "_step": 1079, "loss": 0.5312395290861469, "epoch": 4, "_wandb": {"runtime": 17}}