{"batch loss": 0.6967308521270752, "_timestamp": 1716217171.5832627, "_runtime": 95.33926963806152, "_step": 2239, "loss": 0.6954156441250067, "epoch": 4, "_wandb": {"runtime": 93}}