{"batch loss": 0.6951661109924316, "_timestamp": 1716216937.6126392, "_runtime": 124.47565627098083, "_step": 2749, "loss": 0.6941778131251065, "epoch": 9, "_wandb": {"runtime": 123}}