{"batch loss": 1.922051191329956, "_timestamp": 1716214873.674465, "_runtime": 29.51527190208435, "_step": 1379, "loss": 1.9676106245848384, "epoch": 9, "_wandb": {"runtime": 28}}