{"batch loss": 1.2268824577331543, "_timestamp": 1716215073.1464667, "_runtime": 16.802076816558838, "_step": 364, "loss": 1.36229906976223, "epoch": 4, "_wandb": {"runtime": 15}}