{"batch loss": 0.027918845415115356, "_timestamp": 1716216665.501656, "_runtime": 146.15347599983215, "_step": 9439, "loss": 0.10138563301313568, "epoch": 9, "_wandb": {"runtime": 144}}