{"batch loss": 1.874739408493042, "_timestamp": 1716214989.77966, "_runtime": 18.502737045288086, "_step": 1079, "loss": 1.865347545091496, "epoch": 4, "_wandb": {"runtime": 17}}