{"batch loss": 0.14770902693271637, "_timestamp": 1716215785.420616, "_runtime": 15.32788896560669, "_step": 474, "loss": 0.09463583556142577, "epoch": 4, "_wandb": {"runtime": 13}}