{"batch loss": 0.12028982490301132, "_timestamp": 1716216803.3657184, "_runtime": 127.24298238754272, "_step": 4759, "loss": 0.09459457083815528, "epoch": 9, "_wandb": {"runtime": 125}}