{"batch loss": 0.14937779307365417, "_timestamp": 1716214962.42531, "_runtime": 27.979468822479248, "_step": 2159, "loss": 0.3880894139928873, "epoch": 9, "_wandb": {"runtime": 26}}