{"batch loss": 1.2515393495559692, "_timestamp": 1716215097.8859735, "_runtime": 15.714772462844849, "_step": 264, "loss": 1.289264589548111, "epoch": 4, "_wandb": {"runtime": 14}}