{"batch loss": 0.7130534648895264, "_timestamp": 1716214769.7558088, "_runtime": 15.447884798049927, "_step": 474, "loss": 0.9961913462649, "epoch": 4, "_wandb": {"runtime": 14}}