{"batch loss": 0.37304243445396423, "_timestamp": 1716215246.547042, "_runtime": 16.872105836868286, "_step": 944, "loss": 0.21733400971688172, "epoch": 4, "_wandb": {"runtime": 15}}