{"batch loss": 0.22907449305057526, "_timestamp": 1716215673.065488, "_runtime": 14.029376983642578, "_step": 319, "loss": 0.17061082652163884, "epoch": 4, "_wandb": {"runtime": 12}}