{"batch loss": 0.5947918891906738, "_timestamp": 1716214896.562077, "_runtime": 15.208977937698364, "_step": 584, "loss": 0.2857163914575659, "epoch": 4, "_wandb": {"runtime": 13}}