{"batch loss": 0.873603880405426, "_timestamp": 1716215284.8576183, "_runtime": 28.156776428222656, "_step": 2509, "loss": 0.9966716622114181, "epoch": 9, "_wandb": {"runtime": 26}}