{"batch loss": 0.7016894817352295, "_timestamp": 1716216261.4984207, "_runtime": 84.90111565589905, "_step": 1424, "loss": 0.7011669993400573, "epoch": 4, "_wandb": {"runtime": 83}}