{"batch loss": 0.15396955609321594, "_timestamp": 1716215186.5327067, "_runtime": 14.441946744918823, "_step": 294, "loss": 0.16350140088591084, "epoch": 4, "_wandb": {"runtime": 12}}