{"batch loss": 0.0819302648305893, "_timestamp": 1716215309.8671122, "_runtime": 16.228426218032837, "_step": 1079, "loss": 0.4024050817066847, "epoch": 4, "_wandb": {"runtime": 14}}