{"batch loss": 1.1837526559829712, "_timestamp": 1716215651.5438726, "_runtime": 14.563562631607056, "_step": 264, "loss": 1.0819329011898775, "epoch": 4, "_wandb": {"runtime": 13}}