{"batch loss": 0.19126348197460175, "_timestamp": 1716215129.5813632, "_runtime": 15.255029201507568, "_step": 319, "loss": 0.11863971353759842, "epoch": 4, "_wandb": {"runtime": 13}}