{"batch loss": 0.5596115589141846, "_timestamp": 1716215570.6280336, "_runtime": 17.38607168197632, "_step": 1879, "loss": 0.1663250991317133, "epoch": 4, "_wandb": {"runtime": 16}}