{"batch loss": 0.43639999628067017, "_timestamp": 1716215164.8504705, "_runtime": 28.65139651298523, "_step": 3009, "loss": 0.4089517833075176, "epoch": 9, "_wandb": {"runtime": 27}}