{"batch loss": 2.327443838119507, "_timestamp": 1716215222.4480684, "_runtime": 28.56246042251587, "_step": 1679, "loss": 2.3341204634683574, "epoch": 9, "_wandb": {"runtime": 27}}