{"batch loss": 0.7019477486610413, "_timestamp": 1716216501.6191962, "_runtime": 103.6190881729126, "_step": 3444, "loss": 0.7026343716515435, "epoch": 4, "_wandb": {"runtime": 102}}