{"batch loss": 0.2508068382740021, "_timestamp": 1716215762.8807218, "_runtime": 14.608032703399658, "_step": 629, "loss": 0.11955072247982025, "epoch": 4, "_wandb": {"runtime": 13}}