{"batch loss": 2.1881353855133057, "_timestamp": 1716215046.8543632, "_runtime": 27.528481245040894, "_step": 3009, "loss": 2.1425603167215983, "epoch": 9, "_wandb": {"runtime": 26}}