{"batch loss": 1.2141717672348022, "_timestamp": 1716214837.7079372, "_runtime": 15.265804290771484, "_step": 379, "loss": 1.2925633708635966, "epoch": 4, "_wandb": {"runtime": 13}}