{"batch loss": 0.19397622346878052, "_timestamp": 1716217068.3188465, "_runtime": 113.7492344379425, "_step": 9404, "loss": 0.1473014856307568, "epoch": 4, "_wandb": {"runtime": 112}}