{"batch loss": 0.2884659767150879, "_timestamp": 1716215695.0343401, "_runtime": 14.70035719871521, "_step": 304, "loss": 0.5067308773597081, "epoch": 4, "_wandb": {"runtime": 13}}