{"batch loss": 0.300048291683197, "_timestamp": 1716215604.6128216, "_runtime": 25.56873655319214, "_step": 1509, "loss": 0.1717115216422826, "epoch": 9, "_wandb": {"runtime": 23}}