{"batch loss": 1.322884202003479, "_timestamp": 1716215629.214429, "_runtime": 17.227288007736206, "_step": 1254, "loss": 1.651241250514984, "epoch": 4, "_wandb": {"runtime": 15}}