{"batch loss": 0.12155050039291382, "_timestamp": 1716215012.3271053, "_runtime": 14.32469630241394, "_step": 304, "loss": 0.08256904308994611, "epoch": 4, "_wandb": {"runtime": 12}}