{"batch loss": 0.44922956824302673, "_timestamp": 1716215545.7557855, "_runtime": 20.3882315158844, "_step": 379, "loss": 0.5130860749880473, "epoch": 4, "_wandb": {"runtime": 18}}