{"batch loss": 0.21488870680332184, "_timestamp": 1716214918.900715, "_runtime": 15.472424030303955, "_step": 629, "loss": 0.09603624434024095, "epoch": 4, "_wandb": {"runtime": 13}}