{"batch loss": 0.11401236802339554, "_timestamp": 1716214812.3344696, "_runtime": 26.22338366508484, "_step": 1679, "loss": 0.052343703351892576, "epoch": 9, "_wandb": {"runtime": 24}}