{"batch loss": 0.7044900059700012, "_timestamp": 1716216167.1604106, "_runtime": 89.87693071365356, "_step": 3444, "loss": 0.7054470698038737, "epoch": 4, "_wandb": {"runtime": 88}}