{"batch loss": 0.41208958625793457, "_timestamp": 1716215739.1012743, "_runtime": 27.817458152770996, "_step": 2509, "loss": 0.1943183838892728, "epoch": 9, "_wandb": {"runtime": 26}}