{"batch loss": 0.693343997001648, "_timestamp": 1716216381.6960738, "_runtime": 109.84729266166687, "_step": 6279, "loss": 0.6948747482241654, "epoch": 4, "_wandb": {"runtime": 108}}