{"batch loss": 0.7024470567703247, "_timestamp": 1716216069.2864294, "_runtime": 85.43838238716125, "_step": 1594, "loss": 0.7016637238763994, "epoch": 4, "_wandb": {"runtime": 83}}